method,n_seeds,mean_s,std_s,min_s,max_s,mean_min
most_played_baseline,1,0.04097175598144531,0.0,0.04097175598144531,0.04097175598144531,0.0006828625996907552
RANDOM_SEARCH,1,3.108121156692505,0.0,3.108121156692505,3.108121156692505,0.05180201927820841
GREEDY_HILLCLIMB,1,1.0238416194915771,0.0,1.0238416194915771,1.0238416194915771,0.017064026991526284
STATIC,1,2.804492473602295,0.0,2.804492473602295,2.804492473602295,0.046741541226704916
COEVOLVE,1,92.48008584976196,0.0,92.48008584976196,92.48008584976196,1.5413347641626993
